sample.id,lab.id.x,method,cas.number,analyte,result,units,dilution,result.reported.to,mdl,rl,report.basis,percent.moisture,percent.solid,non.detect,duplicate,location.name,treatment.name,method.name,event.type,event.count,lab.id.y,matrix,collected,received,hold,flag
K-CT1-01-LC,HS23071021-01,M4500 NH3 D - TKN_W 4500NH3 D,7727-37-9TKN,"Nitrogen, Total Kjeldahl",8.1,mg/L,1,RL,0.1,0.5,NA,NA,NA,FALSE,FALSE,Kerbel,CT1,Low-Cost Sampler,Point Sample,Irrigation 1,-1,Water,7/18/2023 16:00,7/18/2023 13:35,No,NA
K-CT1-01-LC,HS23071021-01,E300 - 300_W,14797-55-8,"Nitrogen, Nitrate (As N)",8.86,mg/L,5,RL,0.15,0.5,NA,NA,NA,FALSE,FALSE,Kerbel,CT1,Low-Cost Sampler,Point Sample,Irrigation 1,-1,Water,7/18/2023 16:00,7/18/2023 13:35,No,NA
K-CT1-01-LC,HS23071021-01,E300 - 300_W,14797-65-0,"Nitrogen, Nitrite  (As N)",0,mg/L,5,RL,0.15,0.5,NA,NA,NA,FALSE,FALSE,Kerbel,CT1,Low-Cost Sampler,Point Sample,Irrigation 1,-1,Water,7/18/2023 16:00,7/18/2023 13:35,No,NA
K-CT1-01-LC,HS23071021-01,SM4500P E - P-Ortho M4500P E,7723-14-0,"Phosphorus, Total Orthophosphate (as P)",0.057,mg/L,1,RL,0.01,0.05,NA,NA,NA,FALSE,FALSE,Kerbel,CT1,Low-Cost Sampler,Point Sample,Irrigation 1,-1,Water,7/18/2023 16:00,7/18/2023 13:35,No,NA
K-CT1-01-LC,HS23071021-01,SM4500P E - P_TW M4500P E,7723-14-0,"Phosphorus, Total (As P)",0.64,mg/L,1,RL,0.02,0.05,NA,NA,NA,FALSE,FALSE,Kerbel,CT1,Low-Cost Sampler,Point Sample,Irrigation 1,-1,Water,7/18/2023 16:00,7/18/2023 13:35,No,NA
K-CT1-01-LC,HS23071021-01,E160.1 - TDS_W_160.1,TDS,"Total Dissolved Solids (Residue, Filterable)",1280,mg/L,1,RL,5,10,NA,NA,NA,FALSE,FALSE,Kerbel,CT1,Low-Cost Sampler,Point Sample,Irrigation 1,-1,Water,7/18/2023 16:00,7/18/2023 13:35,No,NA
K-CT1-01-ISC,HS23071021-02,M4500 NH3 D - TKN_W 4500NH3 D,7727-37-9TKN,"Nitrogen, Total Kjeldahl",6.2,mg/L,1,RL,0.1,0.5,NA,NA,NA,FALSE,FALSE,Kerbel,CT1,ISCO,Point Sample,Irrigation 1,-2,Water,7/18/2023 16:00,7/18/2023 13:35,No,NA
K-CT1-01-ISC,HS23071021-02,E300 - 300_W,14797-55-8,"Nitrogen, Nitrate (As N)",8.89,mg/L,5,RL,0.15,0.5,NA,NA,NA,FALSE,FALSE,Kerbel,CT1,ISCO,Point Sample,Irrigation 1,-2,Water,7/18/2023 16:00,7/18/2023 13:35,No,NA
K-CT1-01-ISC,HS23071021-02,E300 - 300_W,14797-65-0,"Nitrogen, Nitrite  (As N)",0,mg/L,5,RL,0.15,0.5,NA,NA,NA,FALSE,FALSE,Kerbel,CT1,ISCO,Point Sample,Irrigation 1,-2,Water,7/18/2023 16:00,7/18/2023 13:35,No,NA
K-CT1-01-ISC,HS23071021-02,SM4500P E - P-Ortho M4500P E,7723-14-0,"Phosphorus, Total Orthophosphate (as P)",0.062,mg/L,1,RL,0.01,0.05,NA,NA,NA,FALSE,FALSE,Kerbel,CT1,ISCO,Point Sample,Irrigation 1,-2,Water,7/18/2023 16:00,7/18/2023 13:35,No,NA
K-CT1-01-ISC,HS23071021-02,SM4500P E - P_TW M4500P E,7723-14-0,"Phosphorus, Total (As P)",0.832,mg/L,1,RL,0.02,0.05,NA,NA,NA,FALSE,FALSE,Kerbel,CT1,ISCO,Point Sample,Irrigation 1,-2,Water,7/18/2023 16:00,7/18/2023 13:35,No,NA
K-CT1-01-ISC,HS23071021-02,E160.1 - TDS_W_160.1,TDS,"Total Dissolved Solids (Residue, Filterable)",1340,mg/L,1,RL,5,10,NA,NA,NA,FALSE,FALSE,Kerbel,CT1,ISCO,Point Sample,Irrigation 1,-2,Water,7/18/2023 16:00,7/18/2023 13:35,No,NA
K-CT1-01-GB,HS23071021-03,M4500 NH3 D - TKN_W 4500NH3 D,7727-37-9TKN,"Nitrogen, Total Kjeldahl",6,mg/L,1,RL,0.1,0.5,NA,NA,NA,FALSE,FALSE,Kerbel,CT1,Grab Sample,Point Sample,Irrigation 1,-3,Water,7/18/2023 16:00,7/18/2023 13:35,No,NA
K-CT1-01-GB,HS23071021-03,E300 - 300_W,14797-55-8,"Nitrogen, Nitrate (As N)",8.74,mg/L,5,RL,0.15,0.5,NA,NA,NA,FALSE,FALSE,Kerbel,CT1,Grab Sample,Point Sample,Irrigation 1,-3,Water,7/18/2023 16:00,7/18/2023 13:35,No,NA
K-CT1-01-GB,HS23071021-03,E300 - 300_W,14797-65-0,"Nitrogen, Nitrite  (As N)",0,mg/L,5,RL,0.15,0.5,NA,NA,NA,FALSE,FALSE,Kerbel,CT1,Grab Sample,Point Sample,Irrigation 1,-3,Water,7/18/2023 16:00,7/18/2023 13:35,No,NA
K-CT1-01-GB,HS23071021-03,SM4500P E - P-Ortho M4500P E,7723-14-0,"Phosphorus, Total Orthophosphate (as P)",0.064,mg/L,1,RL,0.01,0.05,NA,NA,NA,FALSE,FALSE,Kerbel,CT1,Grab Sample,Point Sample,Irrigation 1,-3,Water,7/18/2023 16:00,7/18/2023 13:35,No,NA
K-CT1-01-GB,HS23071021-03,SM4500P E - P_TW M4500P E,7723-14-0,"Phosphorus, Total (As P)",0.581,mg/L,1,RL,0.02,0.05,NA,NA,NA,FALSE,FALSE,Kerbel,CT1,Grab Sample,Point Sample,Irrigation 1,-3,Water,7/18/2023 16:00,7/18/2023 13:35,No,NA
K-CT1-01-GB,HS23071021-03,E160.1 - TDS_W_160.1,TDS,"Total Dissolved Solids (Residue, Filterable)",1300,mg/L,1,RL,5,10,NA,NA,NA,FALSE,FALSE,Kerbel,CT1,Grab Sample,Point Sample,Irrigation 1,-3,Water,7/18/2023 16:00,7/18/2023 13:35,No,NA
K-CT1-01-GBH,HS23071021-04,M4500 NH3 D - TKN_W 4500NH3 D,7727-37-9TKN,"Nitrogen, Total Kjeldahl",5.1,mg/L,1,RL,0.1,0.5,NA,NA,NA,FALSE,FALSE,Kerbel,CT1,Hourly Grab,Point Sample,Irrigation 1,-4,Water,7/18/2023 16:00,7/18/2023 13:35,No,NA
K-CT1-01-GBH,HS23071021-04,E300 - 300_W,14797-55-8,"Nitrogen, Nitrate (As N)",8.66,mg/L,5,RL,0.15,0.5,NA,NA,NA,FALSE,FALSE,Kerbel,CT1,Hourly Grab,Point Sample,Irrigation 1,-4,Water,7/18/2023 16:00,7/18/2023 13:35,No,NA
K-CT1-01-GBH,HS23071021-04,E300 - 300_W,14797-65-0,"Nitrogen, Nitrite  (As N)",0,mg/L,5,RL,0.15,0.5,NA,NA,NA,FALSE,FALSE,Kerbel,CT1,Hourly Grab,Point Sample,Irrigation 1,-4,Water,7/18/2023 16:00,7/18/2023 13:35,No,NA
K-CT1-01-GBH,HS23071021-04,SM4500P E - P-Ortho M4500P E,7723-14-0,"Phosphorus, Total Orthophosphate (as P)",0.055,mg/L,1,RL,0.01,0.05,NA,NA,NA,FALSE,FALSE,Kerbel,CT1,Hourly Grab,Point Sample,Irrigation 1,-4,Water,7/18/2023 16:00,7/18/2023 13:35,No,NA
K-CT1-01-GBH,HS23071021-04,SM4500P E - P_TW M4500P E,7723-14-0,"Phosphorus, Total (As P)",0.106,mg/L,1,RL,0.02,0.05,NA,NA,NA,FALSE,FALSE,Kerbel,CT1,Hourly Grab,Point Sample,Irrigation 1,-4,Water,7/18/2023 16:00,7/18/2023 13:35,No,NA
K-CT1-01-GBH,HS23071021-04,E160.1 - TDS_W_160.1,TDS,"Total Dissolved Solids (Residue, Filterable)",1320,mg/L,1,RL,5,10,NA,NA,NA,FALSE,FALSE,Kerbel,CT1,Hourly Grab,Point Sample,Irrigation 1,-4,Water,7/18/2023 16:00,7/18/2023 13:35,No,NA
K-CT2-01-LC,HS23071021-05,M4500 NH3 D - TKN_W 4500NH3 D,7727-37-9TKN,"Nitrogen, Total Kjeldahl",5.9,mg/L,1,RL,0.1,0.5,NA,NA,NA,FALSE,FALSE,Kerbel,CT2,Low-Cost Sampler,Point Sample,Irrigation 1,-5,Water,7/18/2023 16:00,7/18/2023 13:35,No,NA
K-CT2-01-LC,HS23071021-05,E300 - 300_W,14797-55-8,"Nitrogen, Nitrate (As N)",8.59,mg/L,5,RL,0.15,0.5,NA,NA,NA,FALSE,FALSE,Kerbel,CT2,Low-Cost Sampler,Point Sample,Irrigation 1,-5,Water,7/18/2023 16:00,7/18/2023 13:35,No,NA
K-CT2-01-LC,HS23071021-05,E300 - 300_W,14797-65-0,"Nitrogen, Nitrite  (As N)",0,mg/L,5,RL,0.15,0.5,NA,NA,NA,FALSE,FALSE,Kerbel,CT2,Low-Cost Sampler,Point Sample,Irrigation 1,-5,Water,7/18/2023 16:00,7/18/2023 13:35,No,NA
K-CT2-01-LC,HS23071021-05,SM4500P E - P-Ortho M4500P E,7723-14-0,"Phosphorus, Total Orthophosphate (as P)",0,mg/L,1,RL,0.01,0.05,NA,NA,NA,FALSE,FALSE,Kerbel,CT2,Low-Cost Sampler,Point Sample,Irrigation 1,-5,Water,7/18/2023 16:00,7/18/2023 13:35,No,NA
K-CT2-01-LC,HS23071021-05,SM4500P E - P_TW M4500P E,7723-14-0,"Phosphorus, Total (As P)",1.14,mg/L,2,RL,0.04,0.1,NA,NA,NA,FALSE,FALSE,Kerbel,CT2,Low-Cost Sampler,Point Sample,Irrigation 1,-5,Water,7/18/2023 16:00,7/18/2023 13:35,No,NA
K-CT2-01-LC,HS23071021-05,E160.1 - TDS_W_160.1,TDS,"Total Dissolved Solids (Residue, Filterable)",1110,mg/L,1,RL,5,10,NA,NA,NA,FALSE,FALSE,Kerbel,CT2,Low-Cost Sampler,Point Sample,Irrigation 1,-5,Water,7/18/2023 16:00,7/18/2023 13:35,No,NA
K-CT2-01-GB,HS23071021-06,M4500 NH3 D - TKN_W 4500NH3 D,7727-37-9TKN,"Nitrogen, Total Kjeldahl",11,mg/L,1,RL,0.1,0.5,NA,NA,NA,FALSE,FALSE,Kerbel,CT2,Grab Sample,Point Sample,Irrigation 1,-6,Water,7/18/2023 16:00,7/18/2023 13:35,No,NA
K-CT2-01-GB,HS23071021-06,E300 - 300_W,14797-55-8,"Nitrogen, Nitrate (As N)",8.77,mg/L,5,RL,0.15,0.5,NA,NA,NA,FALSE,FALSE,Kerbel,CT2,Grab Sample,Point Sample,Irrigation 1,-6,Water,7/18/2023 16:00,7/18/2023 13:35,No,NA
K-CT2-01-GB,HS23071021-06,E300 - 300_W,14797-65-0,"Nitrogen, Nitrite  (As N)",0,mg/L,5,RL,0.15,0.5,NA,NA,NA,FALSE,FALSE,Kerbel,CT2,Grab Sample,Point Sample,Irrigation 1,-6,Water,7/18/2023 16:00,7/18/2023 13:35,No,NA
K-CT2-01-GB,HS23071021-06,SM4500P E - P-Ortho M4500P E,7723-14-0,"Phosphorus, Total Orthophosphate (as P)",0,mg/L,1,RL,0.01,0.05,NA,NA,NA,FALSE,FALSE,Kerbel,CT2,Grab Sample,Point Sample,Irrigation 1,-6,Water,7/18/2023 16:00,7/18/2023 13:35,No,NA
K-CT2-01-GB,HS23071021-06,SM4500P E - P_TW M4500P E,7723-14-0,"Phosphorus, Total (As P)",1.15,mg/L,2,RL,0.04,0.1,NA,NA,NA,FALSE,FALSE,Kerbel,CT2,Grab Sample,Point Sample,Irrigation 1,-6,Water,7/18/2023 16:00,7/18/2023 13:35,No,NA
K-CT2-01-GB,HS23071021-06,E160.1 - TDS_W_160.1,TDS,"Total Dissolved Solids (Residue, Filterable)",1190,mg/L,1,RL,5,10,NA,NA,NA,FALSE,FALSE,Kerbel,CT2,Grab Sample,Point Sample,Irrigation 1,-6,Water,7/18/2023 16:00,7/18/2023 13:35,No,NA
K-CT2-01-GBH,HS23071021-07,M4500 NH3 D - TKN_W 4500NH3 D,7727-37-9TKN,"Nitrogen, Total Kjeldahl",8.7,mg/L,1,RL,0.1,0.5,NA,NA,NA,FALSE,FALSE,Kerbel,CT2,Hourly Grab,Point Sample,Irrigation 1,-7,Water,7/18/2023 16:00,7/18/2023 13:35,No,NA
K-CT2-01-GBH,HS23071021-07,E300 - 300_W,14797-55-8,"Nitrogen, Nitrate (As N)",8.71,mg/L,5,RL,0.15,0.5,NA,NA,NA,FALSE,FALSE,Kerbel,CT2,Hourly Grab,Point Sample,Irrigation 1,-7,Water,7/18/2023 16:00,7/18/2023 13:35,No,NA
K-CT2-01-GBH,HS23071021-07,E300 - 300_W,14797-65-0,"Nitrogen, Nitrite  (As N)",0,mg/L,5,RL,0.15,0.5,NA,NA,NA,FALSE,FALSE,Kerbel,CT2,Hourly Grab,Point Sample,Irrigation 1,-7,Water,7/18/2023 16:00,7/18/2023 13:35,No,NA
K-CT2-01-GBH,HS23071021-07,SM4500P E - P-Ortho M4500P E,7723-14-0,"Phosphorus, Total Orthophosphate (as P)",0,mg/L,1,RL,0.01,0.05,NA,NA,NA,FALSE,FALSE,Kerbel,CT2,Hourly Grab,Point Sample,Irrigation 1,-7,Water,7/18/2023 16:00,7/18/2023 13:35,No,NA
K-CT2-01-GBH,HS23071021-07,SM4500P E - P_TW M4500P E,7723-14-0,"Phosphorus, Total (As P)",0.965,mg/L,1,RL,0.02,0.05,NA,NA,NA,FALSE,FALSE,Kerbel,CT2,Hourly Grab,Point Sample,Irrigation 1,-7,Water,7/18/2023 16:00,7/18/2023 13:35,No,NA
K-CT2-01-GBH,HS23071021-07,E160.1 - TDS_W_160.1,TDS,"Total Dissolved Solids (Residue, Filterable)",1280,mg/L,1,RL,5,10,NA,NA,NA,FALSE,FALSE,Kerbel,CT2,Hourly Grab,Point Sample,Irrigation 1,-7,Water,7/18/2023 16:00,7/18/2023 13:35,No,NA
K-MT1-01-LC,HS23071021-08,M4500 NH3 D - TKN_W 4500NH3 D,7727-37-9TKN,"Nitrogen, Total Kjeldahl",6.8,mg/L,1,RL,0.1,0.5,NA,NA,NA,FALSE,FALSE,Kerbel,MT,Low-Cost Sampler,Point Sample,Irrigation 1,-8,Water,7/18/2023 16:00,7/18/2023 13:35,No,NA
K-MT1-01-LC,HS23071021-08,E300 - 300_W,14797-55-8,"Nitrogen, Nitrate (As N)",8.79,mg/L,5,RL,0.15,0.5,NA,NA,NA,FALSE,FALSE,Kerbel,MT,Low-Cost Sampler,Point Sample,Irrigation 1,-8,Water,7/18/2023 16:00,7/18/2023 13:35,No,NA
K-MT1-01-LC,HS23071021-08,E300 - 300_W,14797-65-0,"Nitrogen, Nitrite  (As N)",0,mg/L,5,RL,0.15,0.5,NA,NA,NA,FALSE,FALSE,Kerbel,MT,Low-Cost Sampler,Point Sample,Irrigation 1,-8,Water,7/18/2023 16:00,7/18/2023 13:35,No,NA
K-MT1-01-LC,HS23071021-08,SM4500P E - P-Ortho M4500P E,7723-14-0,"Phosphorus, Total Orthophosphate (as P)",0.057,mg/L,1,RL,0.01,0.05,NA,NA,NA,FALSE,FALSE,Kerbel,MT,Low-Cost Sampler,Point Sample,Irrigation 1,-8,Water,7/18/2023 16:00,7/18/2023 13:35,No,NA
K-MT1-01-LC,HS23071021-08,SM4500P E - P_TW M4500P E,7723-14-0,"Phosphorus, Total (As P)",0.44,mg/L,1,RL,0.02,0.05,NA,NA,NA,FALSE,FALSE,Kerbel,MT,Low-Cost Sampler,Point Sample,Irrigation 1,-8,Water,7/18/2023 16:00,7/18/2023 13:35,No,NA
K-MT1-01-LC,HS23071021-08,E160.1 - TDS_W_160.1,TDS,"Total Dissolved Solids (Residue, Filterable)",1210,mg/L,1,RL,5,10,NA,NA,NA,FALSE,FALSE,Kerbel,MT,Low-Cost Sampler,Point Sample,Irrigation 1,-8,Water,7/18/2023 16:00,7/18/2023 13:35,No,NA
K-MT1-01-GB,HS23071021-09,M4500 NH3 D - TKN_W 4500NH3 D,7727-37-9TKN,"Nitrogen, Total Kjeldahl",7.5,mg/L,1,RL,0.1,0.5,NA,NA,NA,FALSE,FALSE,Kerbel,MT,Grab Sample,Point Sample,Irrigation 1,-9,Water,7/18/2023 16:00,7/18/2023 13:35,No,NA
K-MT1-01-GB,HS23071021-09,E300 - 300_W,14797-55-8,"Nitrogen, Nitrate (As N)",9,mg/L,5,RL,0.15,0.5,NA,NA,NA,FALSE,FALSE,Kerbel,MT,Grab Sample,Point Sample,Irrigation 1,-9,Water,7/18/2023 16:00,7/18/2023 13:35,No,NA
K-MT1-01-GB,HS23071021-09,E300 - 300_W,14797-65-0,"Nitrogen, Nitrite  (As N)",0,mg/L,5,RL,0.15,0.5,NA,NA,NA,FALSE,FALSE,Kerbel,MT,Grab Sample,Point Sample,Irrigation 1,-9,Water,7/18/2023 16:00,7/18/2023 13:35,No,NA
K-MT1-01-GB,HS23071021-09,SM4500P E - P-Ortho M4500P E,7723-14-0,"Phosphorus, Total Orthophosphate (as P)",0.07,mg/L,1,RL,0.01,0.05,NA,NA,NA,FALSE,FALSE,Kerbel,MT,Grab Sample,Point Sample,Irrigation 1,-9,Water,7/18/2023 16:00,7/18/2023 13:35,No,NA
K-MT1-01-GB,HS23071021-09,SM4500P E - P_TW M4500P E,7723-14-0,"Phosphorus, Total (As P)",0.838,mg/L,1,RL,0.02,0.05,NA,NA,NA,FALSE,FALSE,Kerbel,MT,Grab Sample,Point Sample,Irrigation 1,-9,Water,7/18/2023 16:00,7/18/2023 13:35,No,NA
K-MT1-01-GB,HS23071021-09,E160.1 - TDS_W_160.1,TDS,"Total Dissolved Solids (Residue, Filterable)",1200,mg/L,1,RL,5,10,NA,NA,NA,FALSE,FALSE,Kerbel,MT,Grab Sample,Point Sample,Irrigation 1,-9,Water,7/18/2023 16:00,7/18/2023 13:35,No,NA
K-MT1-01-GBH,HS23071021-10,M4500 NH3 D - TKN_W 4500NH3 D,7727-37-9TKN,"Nitrogen, Total Kjeldahl",5.9,mg/L,1,RL,0.1,0.5,NA,NA,NA,FALSE,FALSE,Kerbel,MT,Hourly Grab,Point Sample,Irrigation 1,-10,Water,7/18/2023 16:00,7/18/2023 13:35,No,NA
K-MT1-01-GBH,HS23071021-10,E300 - 300_W,14797-55-8,"Nitrogen, Nitrate (As N)",8.84,mg/L,5,RL,0.15,0.5,NA,NA,NA,FALSE,FALSE,Kerbel,MT,Hourly Grab,Point Sample,Irrigation 1,-10,Water,7/18/2023 16:00,7/18/2023 13:35,No,NA
K-MT1-01-GBH,HS23071021-10,E300 - 300_W,14797-65-0,"Nitrogen, Nitrite  (As N)",0,mg/L,5,RL,0.15,0.5,NA,NA,NA,FALSE,FALSE,Kerbel,MT,Hourly Grab,Point Sample,Irrigation 1,-10,Water,7/18/2023 16:00,7/18/2023 13:35,No,NA
K-MT1-01-GBH,HS23071021-10,SM4500P E - P-Ortho M4500P E,7723-14-0,"Phosphorus, Total Orthophosphate (as P)",0.053,mg/L,1,RL,0.01,0.05,NA,NA,NA,FALSE,FALSE,Kerbel,MT,Hourly Grab,Point Sample,Irrigation 1,-10,Water,7/18/2023 16:00,7/18/2023 13:35,No,NA
K-MT1-01-GBH,HS23071021-10,SM4500P E - P_TW M4500P E,7723-14-0,"Phosphorus, Total (As P)",0.314,mg/L,1,RL,0.02,0.05,NA,NA,NA,FALSE,FALSE,Kerbel,MT,Hourly Grab,Point Sample,Irrigation 1,-10,Water,7/18/2023 16:00,7/18/2023 13:35,No,NA
K-MT1-01-GBH,HS23071021-10,E160.1 - TDS_W_160.1,TDS,"Total Dissolved Solids (Residue, Filterable)",1240,mg/L,1,RL,5,10,NA,NA,NA,FALSE,FALSE,Kerbel,MT,Hourly Grab,Point Sample,Irrigation 1,-10,Water,7/18/2023 16:00,7/18/2023 13:35,No,NA
K-MT2-01-LC,HS23071021-11,M4500 NH3 D - TKN_W 4500NH3 D,7727-37-9TKN,"Nitrogen, Total Kjeldahl",3.9,mg/L,1,RL,0.1,0.5,NA,NA,NA,FALSE,FALSE,Kerbel,MT,Low-Cost Sampler,Point Sample,Irrigation 1,-11,Water,7/18/2023 16:00,7/18/2023 13:35,No,NA
K-MT2-01-LC,HS23071021-11,E300 - 300_W,14797-55-8,"Nitrogen, Nitrate (As N)",8.93,mg/L,5,RL,0.15,0.5,NA,NA,NA,FALSE,FALSE,Kerbel,MT,Low-Cost Sampler,Point Sample,Irrigation 1,-11,Water,7/18/2023 16:00,7/18/2023 13:35,No,NA
K-MT2-01-LC,HS23071021-11,E300 - 300_W,14797-65-0,"Nitrogen, Nitrite  (As N)",0,mg/L,5,RL,0.15,0.5,NA,NA,NA,FALSE,FALSE,Kerbel,MT,Low-Cost Sampler,Point Sample,Irrigation 1,-11,Water,7/18/2023 16:00,7/18/2023 13:35,No,NA
K-MT2-01-LC,HS23071021-11,SM4500P E - P-Ortho M4500P E,7723-14-0,"Phosphorus, Total Orthophosphate (as P)",0,mg/L,1,RL,0.01,0.05,NA,NA,NA,FALSE,FALSE,Kerbel,MT,Low-Cost Sampler,Point Sample,Irrigation 1,-11,Water,7/18/2023 16:00,7/18/2023 13:35,No,NA
K-MT2-01-LC,HS23071021-11,SM4500P E - P_TW M4500P E,7723-14-0,"Phosphorus, Total (As P)",0.992,mg/L,2,RL,0.04,0.1,NA,NA,NA,FALSE,FALSE,Kerbel,MT,Low-Cost Sampler,Point Sample,Irrigation 1,-11,Water,7/18/2023 16:00,7/18/2023 13:35,No,NA
K-MT2-01-LC,HS23071021-11,E160.1 - TDS_W_160.1,TDS,"Total Dissolved Solids (Residue, Filterable)",1170,mg/L,1,RL,5,10,NA,NA,NA,FALSE,FALSE,Kerbel,MT,Low-Cost Sampler,Point Sample,Irrigation 1,-11,Water,7/18/2023 16:00,7/18/2023 13:35,No,NA
K-MT2-01-GB,HS23071021-12,M4500 NH3 D - TKN_W 4500NH3 D,7727-37-9TKN,"Nitrogen, Total Kjeldahl",10,mg/L,1,RL,0.1,0.5,NA,NA,NA,FALSE,FALSE,Kerbel,MT,Grab Sample,Point Sample,Irrigation 1,-12,Water,7/18/2023 16:00,7/18/2023 13:35,No,NA
K-MT2-01-GB,HS23071021-12,E300 - 300_W,14797-55-8,"Nitrogen, Nitrate (As N)",9.09,mg/L,5,RL,0.15,0.5,NA,NA,NA,FALSE,FALSE,Kerbel,MT,Grab Sample,Point Sample,Irrigation 1,-12,Water,7/18/2023 16:00,7/18/2023 13:35,No,NA
K-MT2-01-GB,HS23071021-12,E300 - 300_W,14797-65-0,"Nitrogen, Nitrite  (As N)",0,mg/L,5,RL,0.15,0.5,NA,NA,NA,FALSE,FALSE,Kerbel,MT,Grab Sample,Point Sample,Irrigation 1,-12,Water,7/18/2023 16:00,7/18/2023 13:35,No,NA
K-MT2-01-GB,HS23071021-12,SM4500P E - P-Ortho M4500P E,7723-14-0,"Phosphorus, Total Orthophosphate (as P)",0,mg/L,1,RL,0.01,0.05,NA,NA,NA,FALSE,FALSE,Kerbel,MT,Grab Sample,Point Sample,Irrigation 1,-12,Water,7/18/2023 16:00,7/18/2023 13:35,No,NA
K-MT2-01-GB,HS23071021-12,SM4500P E - P_TW M4500P E,7723-14-0,"Phosphorus, Total (As P)",0.888,mg/L,1,RL,0.02,0.05,NA,NA,NA,FALSE,FALSE,Kerbel,MT,Grab Sample,Point Sample,Irrigation 1,-12,Water,7/18/2023 16:00,7/18/2023 13:35,No,NA
K-MT2-01-GB,HS23071021-12,E160.1 - TDS_W_160.1,TDS,"Total Dissolved Solids (Residue, Filterable)",1180,mg/L,1,RL,5,10,NA,NA,NA,FALSE,FALSE,Kerbel,MT,Grab Sample,Point Sample,Irrigation 1,-12,Water,7/18/2023 16:00,7/18/2023 13:35,No,NA
K-MT2-01-GBH,HS23071021-13,M4500 NH3 D - TKN_W 4500NH3 D,7727-37-9TKN,"Nitrogen, Total Kjeldahl",6.3,mg/L,1,RL,0.1,0.5,NA,NA,NA,FALSE,FALSE,Kerbel,MT,Hourly Grab,Point Sample,Irrigation 1,-13,Water,7/18/2023 16:00,7/18/2023 13:35,No,NA
K-MT2-01-GBH,HS23071021-13,E300 - 300_W,14797-55-8,"Nitrogen, Nitrate (As N)",8.8,mg/L,5,RL,0.15,0.5,NA,NA,NA,FALSE,FALSE,Kerbel,MT,Hourly Grab,Point Sample,Irrigation 1,-13,Water,7/18/2023 16:00,7/18/2023 13:35,No,NA
K-MT2-01-GBH,HS23071021-13,E300 - 300_W,14797-65-0,"Nitrogen, Nitrite  (As N)",0,mg/L,5,RL,0.15,0.5,NA,NA,NA,FALSE,FALSE,Kerbel,MT,Hourly Grab,Point Sample,Irrigation 1,-13,Water,7/18/2023 16:00,7/18/2023 13:35,No,NA
K-MT2-01-GBH,HS23071021-13,SM4500P E - P-Ortho M4500P E,7723-14-0,"Phosphorus, Total Orthophosphate (as P)",0,mg/L,1,RL,0.01,0.05,NA,NA,NA,FALSE,FALSE,Kerbel,MT,Hourly Grab,Point Sample,Irrigation 1,-13,Water,7/18/2023 16:00,7/18/2023 13:35,No,NA
K-MT2-01-GBH,HS23071021-13,SM4500P E - P_TW M4500P E,7723-14-0,"Phosphorus, Total (As P)",0.852,mg/L,1,RL,0.02,0.05,NA,NA,NA,FALSE,FALSE,Kerbel,MT,Hourly Grab,Point Sample,Irrigation 1,-13,Water,7/18/2023 16:00,7/18/2023 13:35,No,NA
K-MT2-01-GBH,HS23071021-13,E160.1 - TDS_W_160.1,TDS,"Total Dissolved Solids (Residue, Filterable)",1200,mg/L,1,RL,5,10,NA,NA,NA,FALSE,FALSE,Kerbel,MT,Hourly Grab,Point Sample,Irrigation 1,-13,Water,7/18/2023 16:00,7/18/2023 13:35,No,NA
K-ST1-01-LC,HS23071021-14,M4500 NH3 D - TKN_W 4500NH3 D,7727-37-9TKN,"Nitrogen, Total Kjeldahl",6.6,mg/L,1,RL,0.1,0.5,NA,NA,NA,FALSE,FALSE,Kerbel,ST1,Low-Cost Sampler,Point Sample,Irrigation 1,-14,Water,7/18/2023 16:00,7/18/2023 13:35,No,NA
K-ST1-01-LC,HS23071021-14,E300 - 300_W,14797-55-8,"Nitrogen, Nitrate (As N)",8.8,mg/L,5,RL,0.15,0.5,NA,NA,NA,FALSE,FALSE,Kerbel,ST1,Low-Cost Sampler,Point Sample,Irrigation 1,-14,Water,7/18/2023 16:00,7/18/2023 13:35,No,NA
K-ST1-01-LC,HS23071021-14,E300 - 300_W,14797-65-0,"Nitrogen, Nitrite  (As N)",0,mg/L,5,RL,0.15,0.5,NA,NA,NA,FALSE,FALSE,Kerbel,ST1,Low-Cost Sampler,Point Sample,Irrigation 1,-14,Water,7/18/2023 16:00,7/18/2023 13:35,No,NA
K-ST1-01-LC,HS23071021-14,SM4500P E - P-Ortho M4500P E,7723-14-0,"Phosphorus, Total Orthophosphate (as P)",0,mg/L,1,RL,0.01,0.05,NA,NA,NA,FALSE,FALSE,Kerbel,ST1,Low-Cost Sampler,Point Sample,Irrigation 1,-14,Water,7/18/2023 16:00,7/18/2023 13:35,No,NA
K-ST1-01-LC,HS23071021-14,SM4500P E - P_TW M4500P E,7723-14-0,"Phosphorus, Total (As P)",0.561,mg/L,1,RL,0.02,0.05,NA,NA,NA,FALSE,FALSE,Kerbel,ST1,Low-Cost Sampler,Point Sample,Irrigation 1,-14,Water,7/18/2023 16:00,7/18/2023 13:35,No,NA
K-ST1-01-LC,HS23071021-14,E160.1 - TDS_W_160.1,TDS,"Total Dissolved Solids (Residue, Filterable)",1240,mg/L,1,RL,5,10,NA,NA,NA,FALSE,FALSE,Kerbel,ST1,Low-Cost Sampler,Point Sample,Irrigation 1,-14,Water,7/18/2023 16:00,7/18/2023 13:35,No,NA
K-ST1-01-ISC,HS23071021-15,M4500 NH3 D - TKN_W 4500NH3 D,7727-37-9TKN,"Nitrogen, Total Kjeldahl",2.8,mg/L,1,RL,0.1,0.5,NA,NA,NA,FALSE,FALSE,Kerbel,ST1,ISCO,Point Sample,Irrigation 1,-15,Water,7/18/2023 16:00,7/18/2023 13:35,No,NA
K-ST1-01-ISC,HS23071021-15,E300 - 300_W,14797-55-8,"Nitrogen, Nitrate (As N)",1.05,mg/L,1,RL,0.03,0.1,NA,NA,NA,FALSE,FALSE,Kerbel,ST1,ISCO,Point Sample,Irrigation 1,-15,Water,7/18/2023 16:00,7/18/2023 13:35,No,NA
K-ST1-01-ISC,HS23071021-15,E300 - 300_W,14797-65-0,"Nitrogen, Nitrite  (As N)",0.203,mg/L,1,RL,0.03,0.1,NA,NA,NA,FALSE,FALSE,Kerbel,ST1,ISCO,Point Sample,Irrigation 1,-15,Water,7/18/2023 16:00,7/18/2023 13:35,No,NA
K-ST1-01-ISC,HS23071021-15,SM4500P E - P-Ortho M4500P E,7723-14-0,"Phosphorus, Total Orthophosphate (as P)",0.675,mg/L,1,RL,0.01,0.05,NA,NA,NA,FALSE,FALSE,Kerbel,ST1,ISCO,Point Sample,Irrigation 1,-15,Water,7/18/2023 16:00,7/18/2023 13:35,No,NA
K-ST1-01-ISC,HS23071021-15,SM4500P E - P_TW M4500P E,7723-14-0,"Phosphorus, Total (As P)",1.36,mg/L,2,RL,0.04,0.1,NA,NA,NA,FALSE,FALSE,Kerbel,ST1,ISCO,Point Sample,Irrigation 1,-15,Water,7/18/2023 16:00,7/18/2023 13:35,No,NA
K-ST1-01-ISC,HS23071021-15,E160.1 - TDS_W_160.1,TDS,"Total Dissolved Solids (Residue, Filterable)",148,mg/L,1,RL,5,10,NA,NA,NA,FALSE,FALSE,Kerbel,ST1,ISCO,Point Sample,Irrigation 1,-15,Water,7/18/2023 16:00,7/18/2023 13:35,No,NA
K-ST1-01-GB,HS23071021-16,M4500 NH3 D - TKN_W 4500NH3 D,7727-37-9TKN,"Nitrogen, Total Kjeldahl",5.6,mg/L,1,RL,0.1,0.5,NA,NA,NA,FALSE,FALSE,Kerbel,ST1,Grab Sample,Point Sample,Irrigation 1,-16,Water,7/18/2023 16:00,7/18/2023 13:35,No,NA
K-ST1-01-GB,HS23071021-16,E300 - 300_W,14797-55-8,"Nitrogen, Nitrate (As N)",8.88,mg/L,5,RL,0.15,0.5,NA,NA,NA,FALSE,FALSE,Kerbel,ST1,Grab Sample,Point Sample,Irrigation 1,-16,Water,7/18/2023 16:00,7/18/2023 13:35,No,NA
K-ST1-01-GB,HS23071021-16,E300 - 300_W,14797-65-0,"Nitrogen, Nitrite  (As N)",0,mg/L,5,RL,0.15,0.5,NA,NA,NA,FALSE,FALSE,Kerbel,ST1,Grab Sample,Point Sample,Irrigation 1,-16,Water,7/18/2023 16:00,7/18/2023 13:35,No,NA
K-ST1-01-GB,HS23071021-16,SM4500P E - P-Ortho M4500P E,7723-14-0,"Phosphorus, Total Orthophosphate (as P)",0,mg/L,1,RL,0.01,0.05,NA,NA,NA,FALSE,FALSE,Kerbel,ST1,Grab Sample,Point Sample,Irrigation 1,-16,Water,7/18/2023 16:00,7/18/2023 13:35,No,NA
K-ST1-01-GB,HS23071021-16,SM4500P E - P_TW M4500P E,7723-14-0,"Phosphorus, Total (As P)",0.503,mg/L,1,RL,0.02,0.05,NA,NA,NA,FALSE,FALSE,Kerbel,ST1,Grab Sample,Point Sample,Irrigation 1,-16,Water,7/18/2023 16:00,7/18/2023 13:35,No,NA
K-ST1-01-GB,HS23071021-16,E160.1 - TDS_W_160.1,TDS,"Total Dissolved Solids (Residue, Filterable)",1280,mg/L,1,RL,5,10,NA,NA,NA,FALSE,FALSE,Kerbel,ST1,Grab Sample,Point Sample,Irrigation 1,-16,Water,7/18/2023 16:00,7/18/2023 13:35,No,NA
K-ST1-01-GBH,HS23071021-17,M4500 NH3 D - TKN_W 4500NH3 D,7727-37-9TKN,"Nitrogen, Total Kjeldahl",5.3,mg/L,1,RL,0.1,0.5,NA,NA,NA,FALSE,FALSE,Kerbel,ST1,Hourly Grab,Point Sample,Irrigation 1,-17,Water,7/18/2023 16:00,7/18/2023 13:35,No,NA
K-ST1-01-GBH,HS23071021-17,E300 - 300_W,14797-55-8,"Nitrogen, Nitrate (As N)",8.76,mg/L,5,RL,0.15,0.5,NA,NA,NA,FALSE,FALSE,Kerbel,ST1,Hourly Grab,Point Sample,Irrigation 1,-17,Water,7/18/2023 16:00,7/18/2023 13:35,No,NA
K-ST1-01-GBH,HS23071021-17,E300 - 300_W,14797-65-0,"Nitrogen, Nitrite  (As N)",0,mg/L,5,RL,0.15,0.5,NA,NA,NA,FALSE,FALSE,Kerbel,ST1,Hourly Grab,Point Sample,Irrigation 1,-17,Water,7/18/2023 16:00,7/18/2023 13:35,No,NA
K-ST1-01-GBH,HS23071021-17,SM4500P E - P-Ortho M4500P E,7723-14-0,"Phosphorus, Total Orthophosphate (as P)",0,mg/L,1,RL,0.01,0.05,NA,NA,NA,FALSE,FALSE,Kerbel,ST1,Hourly Grab,Point Sample,Irrigation 1,-17,Water,7/18/2023 16:00,7/18/2023 13:35,No,NA
K-ST1-01-GBH,HS23071021-17,SM4500P E - P_TW M4500P E,7723-14-0,"Phosphorus, Total (As P)",0.429,mg/L,1,RL,0.02,0.05,NA,NA,NA,FALSE,FALSE,Kerbel,ST1,Hourly Grab,Point Sample,Irrigation 1,-17,Water,7/18/2023 16:00,7/18/2023 13:35,No,NA
K-ST1-01-GBH,HS23071021-17,E160.1 - TDS_W_160.1,TDS,"Total Dissolved Solids (Residue, Filterable)",1200,mg/L,1,RL,5,10,NA,NA,NA,FALSE,FALSE,Kerbel,ST1,Hourly Grab,Point Sample,Irrigation 1,-17,Water,7/18/2023 16:00,7/18/2023 13:35,No,NA
K-ST2-01-LC,HS23071021-18,M4500 NH3 D - TKN_W 4500NH3 D,7727-37-9TKN,"Nitrogen, Total Kjeldahl",13,mg/L,1,RL,0.1,0.5,NA,NA,NA,FALSE,FALSE,Kerbel,ST2,Low-Cost Sampler,Point Sample,Irrigation 1,-18,Water,7/18/2023 16:00,7/18/2023 13:35,No,NA
K-ST2-01-LC,HS23071021-18,E300 - 300_W,14797-55-8,"Nitrogen, Nitrate (As N)",8.59,mg/L,5,RL,0.15,0.5,NA,NA,NA,FALSE,FALSE,Kerbel,ST2,Low-Cost Sampler,Point Sample,Irrigation 1,-18,Water,7/18/2023 16:00,7/18/2023 13:35,No,NA
K-ST2-01-LC,HS23071021-18,E300 - 300_W,14797-65-0,"Nitrogen, Nitrite  (As N)",0,mg/L,5,RL,0.15,0.5,NA,NA,NA,FALSE,FALSE,Kerbel,ST2,Low-Cost Sampler,Point Sample,Irrigation 1,-18,Water,7/18/2023 16:00,7/18/2023 13:35,No,NA
K-ST2-01-LC,HS23071021-18,SM4500P E - P-Ortho M4500P E,7723-14-0,"Phosphorus, Total Orthophosphate (as P)",0,mg/L,1,RL,0.01,0.05,NA,NA,NA,FALSE,FALSE,Kerbel,ST2,Low-Cost Sampler,Point Sample,Irrigation 1,-18,Water,7/18/2023 16:00,7/18/2023 13:35,No,NA
K-ST2-01-LC,HS23071021-18,SM4500P E - P_TW M4500P E,7723-14-0,"Phosphorus, Total (As P)",1.68,mg/L,2,RL,0.04,0.1,NA,NA,NA,FALSE,FALSE,Kerbel,ST2,Low-Cost Sampler,Point Sample,Irrigation 1,-18,Water,7/18/2023 16:00,7/18/2023 13:35,No,NA
K-ST2-01-LC,HS23071021-18,E160.1 - TDS_W_160.1,TDS,"Total Dissolved Solids (Residue, Filterable)",1360,mg/L,1,RL,5,10,NA,NA,NA,FALSE,FALSE,Kerbel,ST2,Low-Cost Sampler,Point Sample,Irrigation 1,-18,Water,7/18/2023 16:00,7/18/2023 13:35,No,NA
K-ST2-01-ISC,HS23071021-19,M4500 NH3 D - TKN_W 4500NH3 D,7727-37-9TKN,"Nitrogen, Total Kjeldahl",7.2,mg/L,1,RL,0.1,0.5,NA,NA,NA,FALSE,FALSE,Kerbel,ST2,ISCO,Point Sample,Irrigation 1,-19,Water,7/18/2023 16:00,7/18/2023 13:35,No,NA
K-ST2-01-ISC,HS23071021-19,E300 - 300_W,14797-55-8,"Nitrogen, Nitrate (As N)",8.73,mg/L,5,RL,0.15,0.5,NA,NA,NA,FALSE,FALSE,Kerbel,ST2,ISCO,Point Sample,Irrigation 1,-19,Water,7/18/2023 16:00,7/18/2023 13:35,No,NA
K-ST2-01-ISC,HS23071021-19,E300 - 300_W,14797-65-0,"Nitrogen, Nitrite  (As N)",0,mg/L,5,RL,0.15,0.5,NA,NA,NA,FALSE,FALSE,Kerbel,ST2,ISCO,Point Sample,Irrigation 1,-19,Water,7/18/2023 16:00,7/18/2023 13:35,No,NA
K-ST2-01-ISC,HS23071021-19,SM4500P E - P-Ortho M4500P E,7723-14-0,"Phosphorus, Total Orthophosphate (as P)",0,mg/L,1,RL,0.01,0.05,NA,NA,NA,FALSE,FALSE,Kerbel,ST2,ISCO,Point Sample,Irrigation 1,-19,Water,7/18/2023 16:00,7/18/2023 13:35,No,NA
K-ST2-01-ISC,HS23071021-19,SM4500P E - P_TW M4500P E,7723-14-0,"Phosphorus, Total (As P)",1.28,mg/L,2,RL,0.04,0.1,NA,NA,NA,FALSE,FALSE,Kerbel,ST2,ISCO,Point Sample,Irrigation 1,-19,Water,7/18/2023 16:00,7/18/2023 13:35,No,NA
K-ST2-01-ISC,HS23071021-19,E160.1 - TDS_W_160.1,TDS,"Total Dissolved Solids (Residue, Filterable)",1400,mg/L,1,RL,5,10,NA,NA,NA,FALSE,FALSE,Kerbel,ST2,ISCO,Point Sample,Irrigation 1,-19,Water,7/18/2023 16:00,7/18/2023 13:35,No,NA
K-ST2-01-GB,HS23071021-20,M4500 NH3 D - TKN_W 4500NH3 D,7727-37-9TKN,"Nitrogen, Total Kjeldahl",36,mg/L,1,RL,0.1,0.5,NA,NA,NA,FALSE,FALSE,Kerbel,ST2,Grab Sample,Point Sample,Irrigation 1,-20,Water,7/18/2023 16:00,7/18/2023 13:35,No,NA
K-ST2-01-GB,HS23071021-20,E300 - 300_W,14797-55-8,"Nitrogen, Nitrate (As N)",8.85,mg/L,5,RL,0.15,0.5,NA,NA,NA,FALSE,FALSE,Kerbel,ST2,Grab Sample,Point Sample,Irrigation 1,-20,Water,7/18/2023 16:00,7/18/2023 13:35,No,NA
K-ST2-01-GB,HS23071021-20,E300 - 300_W,14797-65-0,"Nitrogen, Nitrite  (As N)",0,mg/L,5,RL,0.15,0.5,NA,NA,NA,FALSE,FALSE,Kerbel,ST2,Grab Sample,Point Sample,Irrigation 1,-20,Water,7/18/2023 16:00,7/18/2023 13:35,No,NA
K-ST2-01-GB,HS23071021-20,SM4500P E - P-Ortho M4500P E,7723-14-0,"Phosphorus, Total Orthophosphate (as P)",0,mg/L,1,RL,0.01,0.05,NA,NA,NA,FALSE,FALSE,Kerbel,ST2,Grab Sample,Point Sample,Irrigation 1,-20,Water,7/18/2023 16:00,7/18/2023 13:35,No,NA
K-ST2-01-GB,HS23071021-20,SM4500P E - P_TW M4500P E,7723-14-0,"Phosphorus, Total (As P)",1.52,mg/L,2,RL,0.04,0.1,NA,NA,NA,FALSE,FALSE,Kerbel,ST2,Grab Sample,Point Sample,Irrigation 1,-20,Water,7/18/2023 16:00,7/18/2023 13:35,No,NA
K-ST2-01-GB,HS23071021-20,E160.1 - TDS_W_160.1,TDS,"Total Dissolved Solids (Residue, Filterable)",1370,mg/L,1,RL,5,10,NA,NA,NA,FALSE,FALSE,Kerbel,ST2,Grab Sample,Point Sample,Irrigation 1,-20,Water,7/18/2023 16:00,7/18/2023 13:35,No,NA
K-ST2-01-GBH,HS23071021-21,M4500 NH3 D - TKN_W 4500NH3 D,7727-37-9TKN,"Nitrogen, Total Kjeldahl",10,mg/L,1,RL,0.1,0.5,NA,NA,NA,FALSE,FALSE,Kerbel,ST2,Hourly Grab,Point Sample,Irrigation 1,-21,Water,7/18/2023 16:00,7/18/2023 13:35,No,NA
K-ST2-01-GBH,HS23071021-21,E300 - 300_W,14797-55-8,"Nitrogen, Nitrate (As N)",8.69,mg/L,5,RL,0.15,0.5,NA,NA,NA,FALSE,FALSE,Kerbel,ST2,Hourly Grab,Point Sample,Irrigation 1,-21,Water,7/18/2023 16:00,7/18/2023 13:35,No,NA
K-ST2-01-GBH,HS23071021-21,E300 - 300_W,14797-65-0,"Nitrogen, Nitrite  (As N)",0,mg/L,5,RL,0.15,0.5,NA,NA,NA,FALSE,FALSE,Kerbel,ST2,Hourly Grab,Point Sample,Irrigation 1,-21,Water,7/18/2023 16:00,7/18/2023 13:35,No,NA
K-ST2-01-GBH,HS23071021-21,SM4500P E - P-Ortho M4500P E,7723-14-0,"Phosphorus, Total Orthophosphate (as P)",0,mg/L,1,RL,0.01,0.05,NA,NA,NA,FALSE,FALSE,Kerbel,ST2,Hourly Grab,Point Sample,Irrigation 1,-21,Water,7/18/2023 16:00,7/18/2023 13:35,No,NA
K-ST2-01-GBH,HS23071021-21,SM4500P E - P_TW M4500P E,7723-14-0,"Phosphorus, Total (As P)",1.29,mg/L,2,RL,0.04,0.1,NA,NA,NA,FALSE,FALSE,Kerbel,ST2,Hourly Grab,Point Sample,Irrigation 1,-21,Water,7/18/2023 16:00,7/18/2023 13:35,No,NA
K-ST2-01-GBH,HS23071021-21,E160.1 - TDS_W_160.1,TDS,"Total Dissolved Solids (Residue, Filterable)",1360,mg/L,1,RL,5,10,NA,NA,NA,FALSE,FALSE,Kerbel,ST2,Hourly Grab,Point Sample,Irrigation 1,-21,Water,7/18/2023 16:00,7/18/2023 13:35,No,NA
K-INF-01-GB,HS23071021-22,M4500 NH3 D - TKN_W 4500NH3 D,7727-37-9TKN,"Nitrogen, Total Kjeldahl",5.2,mg/L,1,RL,0.1,0.5,NA,NA,NA,FALSE,FALSE,Kerbel,Inflo,Grab Sample,Point Sample,Irrigation 1,-22,Water,7/18/2023 16:00,7/18/2023 13:35,No,NA
K-INF-01-GB,HS23071021-22,E300 - 300_W,14797-55-8,"Nitrogen, Nitrate (As N)",8.62,mg/L,5,RL,0.15,0.5,NA,NA,NA,FALSE,FALSE,Kerbel,Inflo,Grab Sample,Point Sample,Irrigation 1,-22,Water,7/18/2023 16:00,7/18/2023 13:35,No,NA
K-INF-01-GB,HS23071021-22,E300 - 300_W,14797-65-0,"Nitrogen, Nitrite  (As N)",0,mg/L,5,RL,0.15,0.5,NA,NA,NA,FALSE,FALSE,Kerbel,Inflo,Grab Sample,Point Sample,Irrigation 1,-22,Water,7/18/2023 16:00,7/18/2023 13:35,No,NA
K-INF-01-GB,HS23071021-22,SM4500P E - P-Ortho M4500P E,7723-14-0,"Phosphorus, Total Orthophosphate (as P)",0,mg/L,1,RL,0.01,0.05,NA,NA,NA,FALSE,FALSE,Kerbel,Inflo,Grab Sample,Point Sample,Irrigation 1,-22,Water,7/18/2023 16:00,7/18/2023 13:35,No,NA
K-INF-01-GB,HS23071021-22,SM4500P E - P_TW M4500P E,7723-14-0,"Phosphorus, Total (As P)",0,mg/L,1,RL,0.02,0.05,NA,NA,NA,FALSE,FALSE,Kerbel,Inflo,Grab Sample,Point Sample,Irrigation 1,-22,Water,7/18/2023 16:00,7/18/2023 13:35,No,NA
K-INF-01-GB,HS23071021-22,E160.1 - TDS_W_160.1,TDS,"Total Dissolved Solids (Residue, Filterable)",1320,mg/L,1,RL,5,10,NA,NA,NA,FALSE,FALSE,Kerbel,Inflo,Grab Sample,Point Sample,Irrigation 1,-22,Water,7/18/2023 16:00,7/18/2023 13:35,No,NA
K-INF-01-GBH,HS23071021-23,M4500 NH3 D - TKN_W 4500NH3 D,7727-37-9TKN,"Nitrogen, Total Kjeldahl",3.9,mg/L,1,RL,0.1,0.5,NA,NA,NA,FALSE,FALSE,Kerbel,Inflo,Hourly Grab,Point Sample,Irrigation 1,-23,Water,7/18/2023 16:00,7/18/2023 13:35,No,NA
K-INF-01-GBH,HS23071021-23,E300 - 300_W,14797-55-8,"Nitrogen, Nitrate (As N)",8.61,mg/L,5,RL,0.15,0.5,NA,NA,NA,FALSE,FALSE,Kerbel,Inflo,Hourly Grab,Point Sample,Irrigation 1,-23,Water,7/18/2023 16:00,7/18/2023 13:35,No,NA
K-INF-01-GBH,HS23071021-23,E300 - 300_W,14797-65-0,"Nitrogen, Nitrite  (As N)",0,mg/L,5,RL,0.15,0.5,NA,NA,NA,FALSE,FALSE,Kerbel,Inflo,Hourly Grab,Point Sample,Irrigation 1,-23,Water,7/18/2023 16:00,7/18/2023 13:35,No,NA
K-INF-01-GBH,HS23071021-23,SM4500P E - P-Ortho M4500P E,7723-14-0,"Phosphorus, Total Orthophosphate (as P)",0,mg/L,1,RL,0.01,0.05,NA,NA,NA,FALSE,FALSE,Kerbel,Inflo,Hourly Grab,Point Sample,Irrigation 1,-23,Water,7/18/2023 16:00,7/18/2023 13:35,No,NA
K-INF-01-GBH,HS23071021-23,SM4500P E - P_TW M4500P E,7723-14-0,"Phosphorus, Total (As P)",0,mg/L,1,RL,0.02,0.05,NA,NA,NA,FALSE,FALSE,Kerbel,Inflo,Hourly Grab,Point Sample,Irrigation 1,-23,Water,7/18/2023 16:00,7/18/2023 13:35,No,NA
K-INF-01-GBH,HS23071021-23,E160.1 - TDS_W_160.1,TDS,"Total Dissolved Solids (Residue, Filterable)",1170,mg/L,1,RL,5,10,NA,NA,NA,FALSE,FALSE,Kerbel,Inflo,Hourly Grab,Point Sample,Irrigation 1,-23,Water,7/18/2023 16:00,7/18/2023 13:35,No,NA
K-MT1-01-GBH-D,HS23071021-24,M4500 NH3 D - TKN_W 4500NH3 D,7727-37-9TKN,"Nitrogen, Total Kjeldahl",32,mg/L,1,RL,0.1,0.5,NA,NA,NA,FALSE,TRUE,Kerbel,MT,Hourly Grab,Point Sample,Irrigation 1,-24,Water,7/18/2023 16:00,7/18/2023 13:35,No,NA
K-MT1-01-GBH-D,HS23071021-24,E300 - 300_W,14797-55-8,"Nitrogen, Nitrate (As N)",8.82,mg/L,5,RL,0.15,0.5,NA,NA,NA,FALSE,TRUE,Kerbel,MT,Hourly Grab,Point Sample,Irrigation 1,-24,Water,7/18/2023 16:00,7/18/2023 13:35,No,NA
K-MT1-01-GBH-D,HS23071021-24,E300 - 300_W,14797-65-0,"Nitrogen, Nitrite  (As N)",0,mg/L,5,RL,0.15,0.5,NA,NA,NA,FALSE,TRUE,Kerbel,MT,Hourly Grab,Point Sample,Irrigation 1,-24,Water,7/18/2023 16:00,7/18/2023 13:35,No,NA
K-MT1-01-GBH-D,HS23071021-24,SM4500P E - P-Ortho M4500P E,7723-14-0,"Phosphorus, Total Orthophosphate (as P)",0.053,mg/L,1,RL,0.01,0.05,NA,NA,NA,FALSE,TRUE,Kerbel,MT,Hourly Grab,Point Sample,Irrigation 1,-24,Water,7/18/2023 16:00,7/18/2023 13:35,No,NA
K-MT1-01-GBH-D,HS23071021-24,SM4500P E - P_TW M4500P E,7723-14-0,"Phosphorus, Total (As P)",0.612,mg/L,1,RL,0.02,0.05,NA,NA,NA,FALSE,TRUE,Kerbel,MT,Hourly Grab,Point Sample,Irrigation 1,-24,Water,7/18/2023 16:00,7/18/2023 13:35,No,NA
K-MT1-01-GBH-D,HS23071021-24,E160.1 - TDS_W_160.1,TDS,"Total Dissolved Solids (Residue, Filterable)",1320,mg/L,1,RL,5,10,NA,NA,NA,FALSE,TRUE,Kerbel,MT,Hourly Grab,Point Sample,Irrigation 1,-24,Water,7/18/2023 16:00,7/18/2023 13:35,No,NA
"K-MT1-01-GBH-2,3,5-D",HS23071021-28,M4500 NH3 D - TKN_W 4500NH3 D,7727-37-9TKN,"Nitrogen, Total Kjeldahl",24,mg/L,1,RL,0.1,0.5,NA,NA,NA,FALSE,TRUE,Kerbel,MT,Hourly Grab,Point Sample,Irrigation 1,-28,Water,7/18/2023 2:00,7/18/2023 13:35,No,NA
"K-MT1-01-GBH-2,3,5-D",HS23071021-28,E300 - 300_W,14797-55-8,"Nitrogen, Nitrate (As N)",8.59,mg/L,1,RL,0.03,0.1,NA,NA,NA,FALSE,TRUE,Kerbel,MT,Hourly Grab,Point Sample,Irrigation 1,-28,Water,7/18/2023 2:00,7/18/2023 13:35,No,NA
"K-MT1-01-GBH-2,3,5-D",HS23071021-28,E300 - 300_W,14797-65-0,"Nitrogen, Nitrite  (As N)",0,mg/L,1,RL,0.03,0.1,NA,NA,NA,FALSE,TRUE,Kerbel,MT,Hourly Grab,Point Sample,Irrigation 1,-28,Water,7/18/2023 2:00,7/18/2023 13:35,No,NA
"K-MT1-01-GBH-2,3,5-D",HS23071021-28,SM4500P E - P-Ortho M4500P E,7723-14-0,"Phosphorus, Total Orthophosphate (as P)",0,mg/L,1,RL,0.01,0.05,NA,NA,NA,FALSE,TRUE,Kerbel,MT,Hourly Grab,Point Sample,Irrigation 1,-28,Water,7/18/2023 2:00,7/18/2023 13:35,No,NA
"K-MT1-01-GBH-2,3,5-D",HS23071021-28,SM4500P E - P_TW M4500P E,7723-14-0,"Phosphorus, Total (As P)",0.834,mg/L,1,RL,0.02,0.05,NA,NA,NA,FALSE,TRUE,Kerbel,MT,Hourly Grab,Point Sample,Irrigation 1,-28,Water,7/18/2023 2:00,7/18/2023 13:35,No,NA
"K-MT1-01-GBH-2,3,5-D",HS23071021-28,E160.1 - TDS_W_160.1,TDS,"Total Dissolved Solids (Residue, Filterable)",1270,mg/L,1,RL,5,10,NA,NA,NA,FALSE,TRUE,Kerbel,MT,Hourly Grab,Point Sample,Irrigation 1,-28,Water,7/18/2023 2:00,7/18/2023 13:35,No,NA
"BK-K-01-1,2,3,5",HS23071021-29,M4500 NH3 D - TKN_W 4500NH3 D,7727-37-9TKN,"Nitrogen, Total Kjeldahl",3.3,mg/L,1,RL,0.1,0.5,NA,NA,NA,FALSE,FALSE,Kerbel,NA,Lab Blank,Lab Blank,Irrigation 1,-29,Water,7/18/2023 2:00,7/18/2023 13:35,No,NA
"BK-K-01-1,2,3,5",HS23071021-29,E300 - 300_W,14797-55-8,"Nitrogen, Nitrate (As N)",0,mg/L,1,RL,0.03,0.1,NA,NA,NA,FALSE,FALSE,Kerbel,NA,Lab Blank,Lab Blank,Irrigation 1,-29,Water,7/18/2023 2:00,7/18/2023 13:35,No,NA
"BK-K-01-1,2,3,5",HS23071021-29,E300 - 300_W,14797-65-0,"Nitrogen, Nitrite  (As N)",0,mg/L,1,RL,0.03,0.1,NA,NA,NA,FALSE,FALSE,Kerbel,NA,Lab Blank,Lab Blank,Irrigation 1,-29,Water,7/18/2023 2:00,7/18/2023 13:35,No,NA
"BK-K-01-1,2,3,5",HS23071021-29,SM4500P E - P-Ortho M4500P E,7723-14-0,"Phosphorus, Total Orthophosphate (as P)",0,mg/L,1,RL,0.01,0.05,NA,NA,NA,FALSE,FALSE,Kerbel,NA,Lab Blank,Lab Blank,Irrigation 1,-29,Water,7/18/2023 2:00,7/18/2023 13:35,No,NA
"BK-K-01-1,2,3,5",HS23071021-29,SM4500P E - P_TW M4500P E,7723-14-0,"Phosphorus, Total (As P)",0,mg/L,1,RL,0.02,0.05,NA,NA,NA,FALSE,FALSE,Kerbel,NA,Lab Blank,Lab Blank,Irrigation 1,-29,Water,7/18/2023 2:00,7/18/2023 13:35,No,NA
"BK-K-01-1,2,3,5",HS23071021-29,E160.1 - TDS_W_160.1,TDS,"Total Dissolved Solids (Residue, Filterable)",0,mg/L,1,RL,5,10,NA,NA,NA,FALSE,FALSE,Kerbel,NA,Lab Blank,Lab Blank,Irrigation 1,-29,Water,7/18/2023 2:00,7/18/2023 13:35,No,NA
K-CT1-S1-LC,HS23080218-01,M4500 NH3 D - TKN_W 4500NH3 D,7727-37-9TKN,"Nitrogen, Total Kjeldahl",33,mg/L,1,RL,0.1,0.5,NA,NA,NA,FALSE,FALSE,Kerbel,CT1,Low-Cost Sampler,Point Sample,Storm 1,-1,Water,8/2/2023 2:00,8/3/2023 8:00,No,NA
K-CT1-S1-LC,HS23080218-01,E300 - 300_W,14797-55-8,"Nitrogen, Nitrate (As N)",4.18,mg/L,1,RL,0.03,0.1,NA,NA,NA,FALSE,FALSE,Kerbel,CT1,Low-Cost Sampler,Point Sample,Storm 1,-1,Water,8/2/2023 2:00,8/3/2023 8:00,No,NA
K-CT1-S1-LC,HS23080218-01,E300 - 300_W,14797-65-0,"Nitrogen, Nitrite  (As N)",0.164,mg/L,1,RL,0.03,0.1,NA,NA,NA,FALSE,FALSE,Kerbel,CT1,Low-Cost Sampler,Point Sample,Storm 1,-1,Water,8/2/2023 2:00,8/3/2023 8:00,No,NA
K-CT1-S1-LC,HS23080218-01,SM4500P E - P-Ortho M4500P E,7723-14-0,"Phosphorus, Total Orthophosphate (as P)",0.094,mg/L,1,RL,0.01,0.05,NA,NA,NA,FALSE,FALSE,Kerbel,CT1,Low-Cost Sampler,Point Sample,Storm 1,-1,Water,8/2/2023 2:00,8/3/2023 8:00,No,NA
K-CT1-S1-LC,HS23080218-01,SM4500P E - P_TW M4500P E,7723-14-0,"Phosphorus, Total (As P)",1.28,mg/L,2,RL,0.04,0.1,NA,NA,NA,FALSE,FALSE,Kerbel,CT1,Low-Cost Sampler,Point Sample,Storm 1,-1,Water,8/2/2023 2:00,8/3/2023 8:00,No,NA
K-CT1-S1-LC,HS23080218-01,E160.1 - TDS_W_160.1,TDS,"Total Dissolved Solids (Residue, Filterable)",156,mg/L,1,RL,5,10,NA,NA,NA,FALSE,FALSE,Kerbel,CT1,Low-Cost Sampler,Point Sample,Storm 1,-1,Water,8/2/2023 2:00,8/3/2023 8:00,No,NA
K-CT2-S1-LC,HS23080218-02,M4500 NH3 D - TKN_W 4500NH3 D,7727-37-9TKN,"Nitrogen, Total Kjeldahl",29,mg/L,1,RL,0.1,0.5,NA,NA,NA,FALSE,FALSE,Kerbel,CT2,Low-Cost Sampler,Point Sample,Storm 1,-2,Water,8/2/2023 2:00,8/3/2023 8:00,No,NA
K-CT2-S1-LC,HS23080218-02,E300 - 300_W,14797-55-8,"Nitrogen, Nitrate (As N)",0.808,mg/L,1,RL,0.03,0.1,NA,NA,NA,FALSE,FALSE,Kerbel,CT2,Low-Cost Sampler,Point Sample,Storm 1,-2,Water,8/2/2023 2:00,8/3/2023 8:00,No,NA
K-CT2-S1-LC,HS23080218-02,E300 - 300_W,14797-65-0,"Nitrogen, Nitrite  (As N)",0.182,mg/L,1,RL,0.03,0.1,NA,NA,NA,FALSE,FALSE,Kerbel,CT2,Low-Cost Sampler,Point Sample,Storm 1,-2,Water,8/2/2023 2:00,8/3/2023 8:00,No,NA
K-CT2-S1-LC,HS23080218-02,SM4500P E - P-Ortho M4500P E,7723-14-0,"Phosphorus, Total Orthophosphate (as P)",0.105,mg/L,1,RL,0.01,0.05,NA,NA,NA,FALSE,FALSE,Kerbel,CT2,Low-Cost Sampler,Point Sample,Storm 1,-2,Water,8/2/2023 2:00,8/3/2023 8:00,No,NA
K-CT2-S1-LC,HS23080218-02,SM4500P E - P_TW M4500P E,7723-14-0,"Phosphorus, Total (As P)",1.88,mg/L,2,RL,0.04,0.1,NA,NA,NA,FALSE,FALSE,Kerbel,CT2,Low-Cost Sampler,Point Sample,Storm 1,-2,Water,8/2/2023 2:00,8/3/2023 8:00,No,NA
K-CT2-S1-LC,HS23080218-02,E160.1 - TDS_W_160.1,TDS,"Total Dissolved Solids (Residue, Filterable)",170,mg/L,1,RL,5,10,NA,NA,NA,FALSE,FALSE,Kerbel,CT2,Low-Cost Sampler,Point Sample,Storm 1,-2,Water,8/2/2023 2:00,8/3/2023 8:00,No,NA
K-MT1-S1-LC,HS23080218-03,M4500 NH3 D - TKN_W 4500NH3 D,7727-37-9TKN,"Nitrogen, Total Kjeldahl",34,mg/L,1,RL,0.1,0.5,NA,NA,NA,FALSE,FALSE,Kerbel,MT,Low-Cost Sampler,Point Sample,Storm 1,-3,Water,8/2/2023 2:00,8/3/2023 8:00,No,NA
K-MT1-S1-LC,HS23080218-03,E300 - 300_W,14797-55-8,"Nitrogen, Nitrate (As N)",9.56,mg/L,2,RL,0.06,0.2,NA,NA,NA,FALSE,FALSE,Kerbel,MT,Low-Cost Sampler,Point Sample,Storm 1,-3,Water,8/2/2023 2:00,8/3/2023 8:00,No,NA
K-MT1-S1-LC,HS23080218-03,E300 - 300_W,14797-65-0,"Nitrogen, Nitrite  (As N)",0.288,mg/L,2,RL,0.06,0.2,NA,NA,NA,FALSE,FALSE,Kerbel,MT,Low-Cost Sampler,Point Sample,Storm 1,-3,Water,8/2/2023 2:00,8/3/2023 8:00,No,NA
K-MT1-S1-LC,HS23080218-03,SM4500P E - P-Ortho M4500P E,7723-14-0,"Phosphorus, Total Orthophosphate (as P)",0.098,mg/L,1,RL,0.01,0.05,NA,NA,NA,FALSE,FALSE,Kerbel,MT,Low-Cost Sampler,Point Sample,Storm 1,-3,Water,8/2/2023 2:00,8/3/2023 8:00,No,NA
K-MT1-S1-LC,HS23080218-03,SM4500P E - P_TW M4500P E,7723-14-0,"Phosphorus, Total (As P)",1.25,mg/L,2,RL,0.04,0.1,NA,NA,NA,FALSE,FALSE,Kerbel,MT,Low-Cost Sampler,Point Sample,Storm 1,-3,Water,8/2/2023 2:00,8/3/2023 8:00,No,NA
K-MT1-S1-LC,HS23080218-03,E160.1 - TDS_W_160.1,TDS,"Total Dissolved Solids (Residue, Filterable)",196,mg/L,1,RL,5,10,NA,NA,NA,FALSE,FALSE,Kerbel,MT,Low-Cost Sampler,Point Sample,Storm 1,-3,Water,8/2/2023 2:00,8/3/2023 8:00,No,NA
K-ST1-S1-LC,HS23080218-04,M4500 NH3 D - TKN_W 4500NH3 D,7727-37-9TKN,"Nitrogen, Total Kjeldahl",37,mg/L,1,RL,0.1,0.5,NA,NA,NA,FALSE,FALSE,Kerbel,ST1,Low-Cost Sampler,Point Sample,Storm 1,-4,Water,8/2/2023 2:00,8/3/2023 8:00,No,NA
K-ST1-S1-LC,HS23080218-04,E300 - 300_W,14797-55-8,"Nitrogen, Nitrate (As N)",1.37,mg/L,1,RL,0.03,0.1,NA,NA,NA,FALSE,FALSE,Kerbel,ST1,Low-Cost Sampler,Point Sample,Storm 1,-4,Water,8/2/2023 2:00,8/3/2023 8:00,No,NA
K-ST1-S1-LC,HS23080218-04,E300 - 300_W,14797-65-0,"Nitrogen, Nitrite  (As N)",0.166,mg/L,1,RL,0.03,0.1,NA,NA,NA,FALSE,FALSE,Kerbel,ST1,Low-Cost Sampler,Point Sample,Storm 1,-4,Water,8/2/2023 2:00,8/3/2023 8:00,No,NA
K-ST1-S1-LC,HS23080218-04,SM4500P E - P-Ortho M4500P E,7723-14-0,"Phosphorus, Total Orthophosphate (as P)",0.074,mg/L,1,RL,0.01,0.05,NA,NA,NA,FALSE,FALSE,Kerbel,ST1,Low-Cost Sampler,Point Sample,Storm 1,-4,Water,8/2/2023 2:00,8/3/2023 8:00,No,NA
K-ST1-S1-LC,HS23080218-04,SM4500P E - P_TW M4500P E,7723-14-0,"Phosphorus, Total (As P)",0.474,mg/L,1,RL,0.02,0.05,NA,NA,NA,FALSE,FALSE,Kerbel,ST1,Low-Cost Sampler,Point Sample,Storm 1,-4,Water,8/2/2023 2:00,8/3/2023 8:00,No,NA
K-ST1-S1-LC,HS23080218-04,E160.1 - TDS_W_160.1,TDS,"Total Dissolved Solids (Residue, Filterable)",180,mg/L,1,RL,5,10,NA,NA,NA,FALSE,FALSE,Kerbel,ST1,Low-Cost Sampler,Point Sample,Storm 1,-4,Water,8/2/2023 2:00,8/3/2023 8:00,No,NA
K-ST2-S1-LC,HS23080218-05,M4500 NH3 D - TKN_W 4500NH3 D,7727-37-9TKN,"Nitrogen, Total Kjeldahl",32,mg/L,1,RL,0.1,0.5,NA,NA,NA,FALSE,FALSE,Kerbel,ST2,Low-Cost Sampler,Point Sample,Storm 1,-5,Water,8/2/2023 2:00,8/3/2023 8:00,No,NA
K-ST2-S1-LC,HS23080218-05,E300 - 300_W,14797-55-8,"Nitrogen, Nitrate (As N)",1.9,mg/L,1,RL,0.03,0.1,NA,NA,NA,FALSE,FALSE,Kerbel,ST2,Low-Cost Sampler,Point Sample,Storm 1,-5,Water,8/2/2023 2:00,8/3/2023 8:00,No,NA
K-ST2-S1-LC,HS23080218-05,E300 - 300_W,14797-65-0,"Nitrogen, Nitrite  (As N)",0.209,mg/L,1,RL,0.03,0.1,NA,NA,NA,FALSE,FALSE,Kerbel,ST2,Low-Cost Sampler,Point Sample,Storm 1,-5,Water,8/2/2023 2:00,8/3/2023 8:00,No,NA
K-ST2-S1-LC,HS23080218-05,SM4500P E - P-Ortho M4500P E,7723-14-0,"Phosphorus, Total Orthophosphate (as P)",0.189,mg/L,1,RL,0.01,0.05,NA,NA,NA,FALSE,FALSE,Kerbel,ST2,Low-Cost Sampler,Point Sample,Storm 1,-5,Water,8/2/2023 2:00,8/3/2023 8:00,No,NA
K-ST2-S1-LC,HS23080218-05,SM4500P E - P_TW M4500P E,7723-14-0,"Phosphorus, Total (As P)",0,mg/L,1,RL,0.02,0.05,NA,NA,NA,FALSE,FALSE,Kerbel,ST2,Low-Cost Sampler,Point Sample,Storm 1,-5,Water,8/2/2023 2:00,8/3/2023 8:00,No,NA
K-ST2-S1-LC,HS23080218-05,E160.1 - TDS_W_160.1,TDS,"Total Dissolved Solids (Residue, Filterable)",150,mg/L,1,RL,5,10,NA,NA,NA,FALSE,FALSE,Kerbel,ST2,Low-Cost Sampler,Point Sample,Storm 1,-5,Water,8/2/2023 2:00,8/3/2023 8:00,No,NA
BK-K-S1,HS23080218-06,M4500 NH3 D - TKN_W 4500NH3 D,7727-37-9TKN,"Nitrogen, Total Kjeldahl",10,mg/L,1,RL,0.1,0.5,NA,NA,NA,FALSE,FALSE,Kerbel,NA,Lab Blank,Lab Blank,Storm 1,-6,Water,8/2/2023 2:00,8/3/2023 8:00,No,NA
BK-K-S1,HS23080218-06,E300 - 300_W,14797-55-8,"Nitrogen, Nitrate (As N)",0,mg/L,1,RL,0.03,0.1,NA,NA,NA,FALSE,FALSE,Kerbel,NA,Lab Blank,Lab Blank,Storm 1,-6,Water,8/2/2023 2:00,8/3/2023 8:00,No,NA
BK-K-S1,HS23080218-06,E300 - 300_W,14797-65-0,"Nitrogen, Nitrite  (As N)",0,mg/L,1,RL,0.03,0.1,NA,NA,NA,FALSE,FALSE,Kerbel,NA,Lab Blank,Lab Blank,Storm 1,-6,Water,8/2/2023 2:00,8/3/2023 8:00,No,NA
BK-K-S1,HS23080218-06,SM4500P E - P-Ortho M4500P E,7723-14-0,"Phosphorus, Total Orthophosphate (as P)",0,mg/L,1,RL,0.01,0.05,NA,NA,NA,FALSE,FALSE,Kerbel,NA,Lab Blank,Lab Blank,Storm 1,-6,Water,8/2/2023 2:00,8/3/2023 8:00,No,NA
BK-K-S1,HS23080218-06,SM4500P E - P_TW M4500P E,7723-14-0,"Phosphorus, Total (As P)",0,mg/L,1,RL,0.02,0.05,NA,NA,NA,FALSE,FALSE,Kerbel,NA,Lab Blank,Lab Blank,Storm 1,-6,Water,8/2/2023 2:00,8/3/2023 8:00,No,NA
BK-K-S1,HS23080218-06,E160.1 - TDS_W_160.1,TDS,"Total Dissolved Solids (Residue, Filterable)",28,mg/L,1,RL,5,10,NA,NA,NA,FALSE,FALSE,Kerbel,NA,Lab Blank,Lab Blank,Storm 1,-6,Water,8/2/2023 2:00,8/3/2023 8:00,No,NA
K-MT2-S2-LC,HS23080479-01,M4500 NH3 D - TKN_W 4500NH3 D,7727-37-9TKN,"Nitrogen, Total Kjeldahl",25,mg/L,1,RL,0.1,0.5,NA,NA,NA,FALSE,FALSE,Kerbel,MT,Low-Cost Sampler,Point Sample,Storm 2,-1,Water,8/7/2023 2:00,8/8/2023 8:00,No,NA
K-MT2-S2-LC,HS23080479-01,E300 - 300_W,14797-55-8,"Nitrogen, Nitrate (As N)",0.438,mg/L,1,RL,0.03,0.1,NA,NA,NA,FALSE,FALSE,Kerbel,MT,Low-Cost Sampler,Point Sample,Storm 2,-1,Water,8/7/2023 2:00,8/8/2023 8:00,No,NA
K-MT2-S2-LC,HS23080479-01,E300 - 300_W,14797-65-0,"Nitrogen, Nitrite  (As N)",0.152,mg/L,1,RL,0.03,0.1,NA,NA,NA,FALSE,FALSE,Kerbel,MT,Low-Cost Sampler,Point Sample,Storm 2,-1,Water,8/7/2023 2:00,8/8/2023 8:00,No,NA
K-MT2-S2-LC,HS23080479-01,SM4500P E - P-Ortho M4500P E,7723-14-0,"Phosphorus, Total Orthophosphate (as P)",0.154,mg/L,1,RL,0.01,0.05,NA,NA,NA,FALSE,FALSE,Kerbel,MT,Low-Cost Sampler,Point Sample,Storm 2,-1,Water,8/7/2023 2:00,8/8/2023 8:00,No,NA
K-MT2-S2-LC,HS23080479-01,SM4500P E - P_TW M4500P E,7723-14-0,"Phosphorus, Total (As P)",0,mg/L,1,RL,0.02,0.05,NA,NA,NA,FALSE,FALSE,Kerbel,MT,Low-Cost Sampler,Point Sample,Storm 2,-1,Water,8/7/2023 2:00,8/8/2023 8:00,No,NA
K-MT2-S2-LC,HS23080479-01,E160.1 - TDS_W_160.1,TDS,"Total Dissolved Solids (Residue, Filterable)",296,mg/L,1,RL,5,10,NA,NA,NA,FALSE,FALSE,Kerbel,MT,Low-Cost Sampler,Point Sample,Storm 2,-1,Water,8/7/2023 2:00,8/8/2023 8:00,No,NA
K-ST2-S2-LC,HS23080479-02,M4500 NH3 D - TKN_W 4500NH3 D,7727-37-9TKN,"Nitrogen, Total Kjeldahl",33,mg/L,1,RL,0.1,0.5,NA,NA,NA,FALSE,FALSE,Kerbel,ST2,Low-Cost Sampler,Point Sample,Storm 2,-2,Water,8/7/2023 2:00,8/8/2023 8:00,No,NA
K-ST2-S2-LC,HS23080479-02,E300 - 300_W,14797-55-8,"Nitrogen, Nitrate (As N)",0.485,mg/L,1,RL,0.03,0.1,NA,NA,NA,FALSE,FALSE,Kerbel,ST2,Low-Cost Sampler,Point Sample,Storm 2,-2,Water,8/7/2023 2:00,8/8/2023 8:00,No,NA
K-ST2-S2-LC,HS23080479-02,E300 - 300_W,14797-65-0,"Nitrogen, Nitrite  (As N)",0,mg/L,1,RL,0.03,0.1,NA,NA,NA,FALSE,FALSE,Kerbel,ST2,Low-Cost Sampler,Point Sample,Storm 2,-2,Water,8/7/2023 2:00,8/8/2023 8:00,No,NA
K-ST2-S2-LC,HS23080479-02,SM4500P E - P-Ortho M4500P E,7723-14-0,"Phosphorus, Total Orthophosphate (as P)",0.104,mg/L,1,RL,0.01,0.05,NA,NA,NA,FALSE,FALSE,Kerbel,ST2,Low-Cost Sampler,Point Sample,Storm 2,-2,Water,8/7/2023 2:00,8/8/2023 8:00,No,NA
K-ST2-S2-LC,HS23080479-02,SM4500P E - P_TW M4500P E,7723-14-0,"Phosphorus, Total (As P)",0,mg/L,1,RL,0.02,0.05,NA,NA,NA,FALSE,FALSE,Kerbel,ST2,Low-Cost Sampler,Point Sample,Storm 2,-2,Water,8/7/2023 2:00,8/8/2023 8:00,No,NA
K-ST2-S2-LC,HS23080479-02,E160.1 - TDS_W_160.1,TDS,"Total Dissolved Solids (Residue, Filterable)",212,mg/L,1,RL,5,10,NA,NA,NA,FALSE,FALSE,Kerbel,ST2,Low-Cost Sampler,Point Sample,Storm 2,-2,Water,8/7/2023 2:00,8/8/2023 8:00,No,NA
